“‹‰w	35.681382	139.766084
—Ly’¬‰w	35.675069	139.763328
V‹΄‰w	35.665498	139.75964
•lΌ’¬‰w	35.655646	139.756749
“c’¬‰w	35.645736	139.747575
•iμ‰w	35.630152	139.74044
‘εθ‰w	35.6197	139.728553
ά”½“c‰w	35.626446	139.723444
–Ϊ•‰w	35.633998	139.715828
b”δυ‰w	35.64669	139.710106
a’J‰w	35.658517	139.701334
΄h‰w	35.670168	139.702687
‘γX–Ψ‰w	35.683061	139.702042
Vh‰w	35.690921	139.700258
V‘ε‹v•Ϋ‰w	35.701306	139.700044
‚“c”nκ‰w	35.712285	139.703782
–Ϊ”’‰w	35.721204	139.706587
’r‘ά‰w	35.728926	139.71038
‘ε’Λ‰w	35.731401	139.728662
‘ƒ›‰w	35.733492	139.739345
‹ξ‰w	35.736489	139.746875
“c’[‰w	35.738062	139.76086
Ό“ϊ•ι—Ά‰w	35.732135	139.766787
“ϊ•ι—Ά‰w	35.727772	139.770987
ις’J‰w	35.720495	139.778837
γ–μ‰w	35.713768	139.777254
δ“k’¬‰w	35.707438	139.774632
H—t΄‰w	35.698683	139.774219
_“c‰w	35.69169	139.770883
